[
    {
        "company":"Amazon INC",
        "description":"Amazon is an US based MNC",
        "initial_price":66,
        "price_2020":890,
        "symbol":"AMZ"
    },
    {
        "company":"IBM INC",
        "description":"IBM is an US based MNC",
        "initial_price":33,
        "price_2020":563,
        "symbol":"IBM"
    },
    {
        "company":"TATA INC",
        "description":"TATA is an Indian based MNC",
        "initial_price":44,
        "price_2020":563,
        "symbol":"TATA"
    },
    {
        "company":"MICROSOFT INC",
        "description":"Microsoft is an US based MNC",
        "initial_price":44,
        "price_2020":563,
        "symbol":"MIC"
    }
]